{
    "10035395": {
        "1": "Request-Symptom",
        "2": "Inform-Symptom",
        "3": "Request-Symptom",
        "4": "Inform-Symptom",
        "5": "Inform-Symptom",
        "6": "Inform-Symptom",
        "7": "Request-Existing_Examination_and_Treatment",
        "8": "Inform-Existing_Examination_and_Treatment",
        "9": "Request-Basic_Information",
        "10": "Inform-Symptom",
        "11": "Inform-Basic_Information",
        "12": "Request-Basic_Information",
        "13": "Inform-Basic_Information",
        "14": "Inform-Medical_Advice",
        "15": "Other",
        "16": "Request-Etiology",
        "17": "Request-Basic_Information",
        "18": "Inform-Existing_Examination_and_Treatment",
        "19": "Inform-Basic_Information",
        "20": "Inform-Etiology",
        "21": "Request-Existing_Examination_and_Treatment",
        "22": "Inform-Existing_Examination_and_Treatment",
        "23": "Inform-Existing_Examination_and_Treatment",
        "24": "Inform-Drug_Recommendation",
        "25": "Request-Drug_Recommendation",
        "26": "Inform-Drug_Recommendation",
        "27": "Inform-Drug_Recommendation",
        "28": "Other",
        "29": "Request-Precautions",
        "30": "Inform-Precautions",
        "31": "Inform-Precautions",
        "32": "Other",
        "33": "Other",
        "34": "Request-Precautions",
        "35": "Inform-Precautions",
        "36": "Other"
    },
    "10327513": {
        "1": "Other",
        "2": "Other",
        "3": "Request-Symptom",
        "4": "Inform-Symptom",
        "5": "Request-Symptom",
        "6": "Inform-Symptom",
        "7": "Request-Symptom",
        "8": "Inform-Symptom",
        "9": "Inform-Symptom",
        "10": "Request-Symptom",
        "11": "Inform-Symptom",
        "12": "Request-Symptom",
        "13": "Inform-Symptom",
        "14": "Request-Symptom",
        "15": "Inform-Symptom",
        "16": "Request-Symptom",
        "17": "Inform-Symptom",
        "18": "Request-Symptom",
        "19": "Inform-Symptom",
        "20": "Request-Existing_Examination_and_Treatment",
        "21": "Inform-Existing_Examination_and_Treatment",
        "22": "Request-Existing_Examination_and_Treatment",
        "23": "Inform-Existing_Examination_and_Treatment",
        "24": "Request-Existing_Examination_and_Treatment",
        "25": "Inform-Existing_Examination_and_Treatment",
        "26": "Request-Symptom",
        "27": "Inform-Existing_Examination_and_Treatment",
        "28": "Inform-Symptom",
        "29": "Diagnose",
        "30": "Request-Existing_Examination_and_Treatment",
        "31": "Inform-Existing_Examination_and_Treatment",
        "32": "Inform-Existing_Examination_and_Treatment",
        "33": "Request-Symptom",
        "34": "Inform-Symptom",
        "35": "Inform-Drug_Recommendation",
        "36": "Inform-Symptom",
        "37": "Inform-Drug_Recommendation",
        "38": "Inform-Existing_Examination_and_Treatment",
        "39": "Other",
        "40": "Request-Medical_Advice",
        "41": "Inform-Medical_Advice",
        "42": "Other",
        "43": "Inform-Medical_Advice",
        "44": "Inform-Existing_Examination_and_Treatment",
        "45": "Other",
        "46": "Other",
        "47": "Other",
        "48": "Other",
        "49": "Other"
    }
}