example_id,split
10712402,train
10872941,train
10035395,dev
10278655,train
10448612,train
10805805,train
10327513,dev
10271116,train
10282417,train
10249516,train
10789630,train
10068599,dev
10343296,dev
10162506,train
10055594,train
10125185,dev
10103313,train
10003026,train
10043390,train
10231407,train
10120886,train
10083006,dev
10222700,train
10285325,dev
10170902,train
10164090,dev
10306398,dev
10808678,train
10313147,train
10454771,train
10303394,train
10320260,train
10294185,dev
10321205,train
10169658,train
10176190,dev
10351424,dev
10040043,train
10348109,train
10269332,train
10710662,dev
10177736,train
10024376,train
10242191,dev
10285209,train
10057484,train
10186062,dev
10810362,train
10324342,train
10679765,train
10764198,train
10356998,train
10136552,dev
10407905,train
10291732,train
10177849,dev
10570153,dev
10294100,dev
10244059,train
10439585,train
10039491,dev
10075207,dev
10173615,train
10645089,dev
10829581,train
10768005,train
10079275,train
10296739,train
10721827,train
10182748,dev
10209995,train
10306738,dev
10164269,train
10289576,train
10136613,train
10241643,train
10533023,train
10254693,train
10259056,train
10721711,train
10588659,train
10033463,train
10380880,train
10161345,train
10190259,train
10225416,train
10094202,train
10260199,train
10342923,train
10017925,train
10132439,dev
10046314,train
10409100,train
10244522,train
10310280,train
10719708,train
10203900,train
10079312,train
10213142,train
10113049,dev
10321806,dev
10190368,train
10063127,train
10624221,train
10241346,train
10258216,train
10298460,train
10051331,train
10206600,train
10310531,dev
10801185,train
10282585,train
10111841,train
10245911,train
10439701,train
10322698,train
10290289,train
10355711,train
10215022,train
10456984,train
10445997,train
10238634,dev
10398522,train
10369463,dev
10256403,train
10019980,train
10385976,train
10150648,train
10077556,dev
10299797,train
10182807,train
10125134,train
10201434,train
10525317,dev
10429477,dev
10129820,train
10744755,train
10360200,train
10022599,train
10456284,train
10280430,train
10535578,train
10645616,dev
10134875,dev
10351608,train
10300725,train
10828094,train
10359260,train
10246237,train
10156278,dev
10134449,train
10198187,train
10619558,train
10165042,dev
10195134,train
10071900,dev
10771218,train
10237832,train
10080140,train
10086719,train
10448813,train
10613185,train
10135171,train
10793952,train
10318951,train
10244544,dev
10342705,train
10446819,train
10354982,train
10136597,train
10257302,train
10768830,train
10186134,train
10357997,train
10249648,train
10096138,dev
10242702,train
10695814,train
10260888,train
10506667,train
10108738,train
10189958,dev
10885696,train
10286363,train
10252265,train
10043092,train
10261494,train
10340281,train
10639923,train
10626900,train
10282636,train
10225887,train
10333181,dev
10125805,train
10087164,dev
10313060,train
10233796,train
10423968,dev
10101384,train
10343934,train
10298337,dev
10308994,train
10090900,dev
10760743,dev
10883407,train
10216722,dev
10109543,dev
10812609,dev
10155628,train
10254315,train
10116314,dev
10263969,train
10311859,train
10297446,train
10147883,train
10280753,train
10745899,train
10043475,train
10288536,train
10405579,train
10109149,train
10413322,train
10140118,train
10097362,dev
10043462,dev
10505115,train
10288543,train
10346942,train
10197115,dev
10300530,dev
10657383,train
10153677,train
10398139,train
10212676,train
10216260,dev
10853648,train
10126307,train
10304053,dev
10044954,train
10119218,train
10064359,train
10763562,dev
10408588,train
10746324,dev
10074958,train
10121376,train
10798879,train
10348914,dev
10104659,train
10668563,dev
10133909,train
10468508,train
10456329,train
10115768,train
10132898,train
10320449,train
10850613,train
10152640,dev
10681369,train
10390540,dev
10217996,train
10291422,train
10365530,dev
10256742,train
10191360,train
10256415,dev
10436360,train
10047554,train
10017386,train
10271700,train
10346042,train
10170182,train
10292776,train
10286692,train
10007408,train
10041499,dev
10358000,dev
10314608,train
10303034,train
10068766,train
10040487,dev
10709549,train
10258826,train
10690960,train
10034499,train
10814922,train
10075426,train
10189477,train
10189890,dev
10271274,train
10085794,train
10242446,train
10056201,dev
10242522,train
10056405,train
10488770,dev
10653982,dev
10809446,train
10238903,dev
10261969,train
10039682,train
10671965,train
10212871,train
10351603,train
10330027,train
10295814,train
10081528,dev
10343672,train
10706226,train
10486828,dev
10453488,train
10312078,train
10305504,train
10254130,train
10626355,train
10681641,train
10031992,train
10735669,train
10446357,dev
10283321,dev
10069596,train
10000894,dev
10345564,train
10830021,train
10182770,train
10087957,train
10203305,train
10176860,dev
10294357,train
10613821,train
10199466,dev
10342587,train
10307996,train
10567400,dev
10310149,train
10009799,train
10140874,dev
10506513,dev
10620545,train
10001677,dev
10025954,train
10536340,train
10854613,dev
10095902,train
10054040,dev
10144895,train
10447911,train
10106625,dev
10760518,train
10319901,dev
10189909,train
10261058,train
10261386,dev
10296692,train
10221960,train
10188895,train
10358482,train
10415387,train
10386614,train
10383083,train
10084414,train
10870247,dev
10009434,train
10211803,train
10715616,dev
10313984,train
10324846,train
10262005,dev
10067142,dev
10597189,train
10865987,train
10197306,train
10092675,dev
10109201,train
10382650,train
10356101,train
10062866,train
10883178,train
10097613,train
10161609,train
10621212,train
10472272,train
10174834,dev
10054284,train
10205497,train
10426204,train
10310778,train
10133573,train
10228856,train
10717438,train
10278846,train
10165711,dev
10687909,train
10174816,dev
10098598,train
10307665,dev
10075981,dev
10062801,train
10262372,train
10251779,train
10131152,train
10240279,train
10608499,train
10272142,train
10058338,train
10885488,train
10133540,train
10608565,train
10290682,dev
10252334,train
10495684,train
10041749,train
10312715,train
10033600,train
10365047,train
10360278,train
10114216,train
10209712,train
10670694,train
10252291,train
10172036,train
10420948,dev
10155990,dev
10431164,train
10335764,dev
10299600,train
10885133,train
10208218,train
10746836,dev
10142871,train
10265095,train
10735396,train
10453420,train
10163874,dev
10285461,train
10279098,train
10214809,train
10459640,train
10498488,dev
10156357,train
10184162,dev
10360793,train
10366929,train
10085209,train
10198319,train
10092395,train
10373425,train
10024364,train
10434506,train
10276294,train
10214268,train
10012427,dev
10274689,dev
10085208,dev
10190343,dev
10391035,dev
10658064,dev
10103211,dev
10174659,dev
10160604,train
10452550,dev
10239439,dev
10236386,dev
10739942,dev
10292777,train
10021743,train
10635460,train
10395786,dev
10331367,train
10124045,train
10302960,dev
10302192,train
10251585,train
10322064,train
10368660,train
10116238,train
10240249,train
10320430,train
10693439,train
10223952,train
10251569,train
10259746,train
10722230,train
10797801,train
10031936,train
10114527,train
10504482,dev
10299551,train
10323755,dev
10125986,train
10259139,train
10844132,train
10373294,train
10253213,train
10430629,dev
10269929,train
10312009,train
10275153,train
10049657,train
10379399,train
10709974,train
10201613,train
10308466,dev
10236751,train
10325442,dev
10154237,train
10308226,train
10580271,dev
10361118,train
10278052,train
10482466,dev
10111888,train
10583167,train
10256594,train
10197372,train
10405131,train
10261539,train
10269718,train
10407963,train
10288677,train
10608504,train
10005536,train
10715580,train
10228006,train
10877829,train
10175157,train
10115483,train
10630782,train
10148114,train
10150515,dev
10254110,dev
10046129,train
10227254,train
10188549,train
10321356,train
10308429,train
10111074,train
10359716,train
10043742,train
10073431,train
10112913,dev
10263792,train
10217258,dev
10175047,dev
10043402,train
10364134,dev
10064457,train
10354596,train
10163343,train
10177257,dev
10212419,train
10817134,train
10041491,dev
10261080,train
10309191,train
10527983,dev
10267003,train
10367135,train
10293737,dev
10810185,train
10298589,train
10340564,train
10319192,dev
10357085,train
10712798,train
10411082,train
10242539,train
10273608,train
10508029,train
10803941,train
10191715,train
10279249,train
10147896,train
10275073,train
10386290,train
10089405,dev
10649219,train
10294549,dev
10123408,train
10036681,train
10071153,train
10310911,train
10231742,train
10655138,train
10624667,dev
10086865,dev
10318678,train
10250193,train
10234656,train
10489759,train
10458540,dev
10343789,train
10305953,dev
10243319,dev
10287849,train
10338089,train
10858400,train
10301581,train
10305856,train
10327179,train
10178833,train
10147797,train
10642250,dev
10170455,train
10561587,train
10283836,train
10185577,train
10319963,train
10330725,dev
10252808,train
10378718,train
10351889,dev
10224684,train
10855221,train
10141611,train
10183293,train
10190307,train
10202135,train
10747092,dev
10290229,dev
10289664,train
10744440,train
10215972,train
10216182,train
10268861,dev
10207050,train
10678118,train
10831430,train
10566119,train
10273232,dev
10026448,train
10700122,train
10333853,train
10749633,dev
10267621,train
10317446,train
10089280,train
10249488,train
10322539,train
10325873,dev
10763293,train
10311893,dev
10134557,train
10272369,train
10201880,train
10761771,train
10287796,train
10270374,train
10214733,train
10309790,train
10658691,train
10024424,train
10713896,dev
10438842,train
10112886,dev
10302202,train
10170630,train
10167402,train
10303460,train
10637751,train
10033750,train
10326253,dev
10007328,train
10176912,train
10324876,dev
10685023,train
10628532,train
10161218,dev
10485470,train
10739453,train
10171954,train
10708577,train
10301739,dev
10579550,train
10221491,train
10121032,train
10208998,train
10619691,train
10067259,train
10006977,train
10253104,dev
10087556,dev
10696484,train
10010461,train
10266572,dev
10065535,train
10054125,train
10791392,dev
10185051,dev
10291801,dev
10365859,dev
10046020,dev
10796980,train
10516919,train
10784285,train
10354911,dev
10350379,dev
10180413,train
10254957,train
10316904,train
10727119,train
10261580,train
10366425,dev
10232116,train
10307769,train
10319257,dev
10493640,train
10279308,train
10275491,dev
10038180,train
10352803,train
10675576,train
10170865,train
10212801,train
10314717,dev
10321631,train
10892684,train
10424916,dev
10412230,train
10796051,train
10326680,dev
10338678,train
10402936,train
10483769,train
10009024,train
10287846,train
10278006,train
10832250,dev
10181523,dev
10180527,train
10142837,train
10143987,train
10235581,dev
10311813,train
10154053,train
10357202,train
10138679,train
10236055,train
10324337,train
10549964,train
10781994,train
10300596,train
10319716,train
10581894,dev
10301168,train
10138399,train
10281767,train
10285849,train
10283764,dev
10016678,train
10363246,train
10269764,train
10325426,train
10395962,train
10009487,train
10201906,train
10425718,train
10279795,train
10297451,dev
10235256,dev
10698241,train
10228599,train
10167417,dev
10145297,train
10247421,train
10274038,dev
10048576,train
10342589,train
10853849,train
10300811,train
10014855,train
10776263,train
10258485,train
10275722,dev
10088841,train
10165301,dev
10031858,dev
10301480,train
10089522,train
10179018,train
10438467,train
10216130,train
10366797,train
10116916,dev
10014676,train
10201055,train
10192245,train
10229365,train
10022765,train
10009543,train
10132646,dev
10356713,train
10148028,train
10746283,train
10235944,train
10758597,train
10162006,train
10127860,train
10276079,dev
10299461,train
10326431,train
10464257,train
10260096,dev
10238988,dev
10790671,train
10731843,train
10268717,dev
10211797,train
10327315,train
10844242,train
10291642,train
10633686,train
10302502,dev
10280162,train
10099008,train
10309180,train
10735536,train
10026624,train
10287625,train
10165706,train
10385345,train
10227913,train
10485583,train
10856410,train
10343579,train
10080552,train
10044673,train
10110161,dev
10749532,train
10489521,train
10314735,train
10317210,train
10309438,dev
10042920,train
10081747,train
10242863,dev
10221248,train
10386396,train
10276701,train
10607266,train
10342722,train
10291839,train
10314181,dev
10658530,train
10047967,dev
10305861,dev
10222589,train
10103102,dev
10312069,dev
10245906,train
10354589,train
10722501,train
10424117,dev
10443740,train
10800675,dev
10797250,dev
10186799,train
10349852,dev
10344474,train
10295897,train
10207504,train
10162702,train
10388654,train
10476570,train
10787032,train
10262699,dev
10758248,dev
10731386,dev
10062406,train
10205995,dev
10100196,train
10115296,train
10020619,dev
10300539,train
10652768,train
10243192,train
10308677,dev
10054026,train
10264568,train
10469897,train
10418040,train
10022169,train
10205248,train
10333899,dev
10127846,train
10207338,train
10254034,dev
10332452,train
10273059,dev
10359262,dev
10152312,train
10013460,train
10846756,train
10246020,train
10185504,train
10269659,dev
10251083,train
10120264,train
10805442,train
10024588,train
10296372,train
10112819,train
10410723,train
10272415,train
10155878,dev
10333903,train
10247076,dev
10400984,train
10260645,train
10299613,train
10323044,train
10099150,train
10358876,train
10120528,train
10357181,train
10098685,train
10409492,train
10678949,train
10728501,train
10743738,train
10328616,train
10203705,train
10432398,train
10322885,train
10792235,train
10275113,train
10320991,train
10303775,train
10302906,train
10663154,dev
10659542,train
10515944,train
10858576,train
10125612,train
10358517,train
10715395,dev
10617742,train
10214037,train
10342628,train
10415870,train
10652929,dev
10851502,train
10220381,train
10698621,train
10035834,dev
10451568,train
10333122,train
10240368,train
10330101,dev
10095872,train
10016806,dev
10377761,train
10364130,dev
10376410,train
10391344,train
10252782,train
10161079,train
10136743,dev
10356262,train
10330955,train
10433776,train
10304823,train
10781054,dev
10656651,dev
10234181,train
10776143,train
10687129,train
10202213,train
10041175,dev
10024225,train
10174679,train
10272974,train
10085438,train
10244993,train
10047260,train
10854361,dev
10087469,train
10469528,dev
10285776,dev
10698671,dev
10188742,train
10268740,train
10264160,dev
10444147,train
10200306,train
10284638,train
10211488,train
10008320,train
10740155,train
10028211,dev
10139885,train
10739400,train
10274714,dev
10276028,train
10071105,train
10286582,train
10051183,train
10278926,train
10283139,dev
10263602,train
10079479,dev
10236535,dev
10811814,train
10117415,train
10261504,train
10183300,train
10024674,dev
10206245,train
10187455,train
10165250,train
10251081,train
10727685,train
10691035,train
10241262,train
10342648,train
10322457,train
10659295,train
10852486,train
10704015,dev
10337734,train
10139071,train
10283288,train
10400882,train
10284738,dev
10203295,dev
10601842,dev
10026913,train
10075507,train
10168151,train
10319938,train
10337697,train
10747259,train
10109108,dev
10244117,dev
10362785,train
10316706,train
10298891,train
10320844,dev
10066989,train
10486418,dev
10407435,train
10164329,train
10264651,train
10264312,train
10637385,train
10414704,train
10693086,dev
10015332,dev
10037162,train
10289439,dev
10163114,train
10744871,train
10330767,train
10053788,dev
10345604,dev
10163537,train
10358443,train
10285516,train
10298938,train
10093159,dev
10568265,train
10130160,train
10227373,train
10230301,train
10749657,train
10368458,dev
10316278,dev
10340494,train
10491971,train
10230761,dev
10003961,dev
10007132,train
10323565,train
10870748,dev
10400458,train
10271480,train
10216479,train
10742613,train
10312212,train
10564403,train
10321265,train
10340835,train
10359760,train
10392337,train
10317884,dev
10812401,train
10352390,train
10540800,dev
10314640,train
10766619,train
10324758,dev
10313515,train
10138459,train
10329082,train
10122078,train
10374664,train
10063352,dev
10634466,train
10094317,train
10224776,train
10356192,dev
10176219,dev
10308783,train
10265439,train
10841074,train
10350343,train
10131830,train
10317411,dev
10307848,train
10834660,train
10692933,train
10289865,train
10327593,train
10303939,train
10302069,train
10006773,train
10412723,train
10040701,train
10252615,train
10235991,train
10285075,dev
10174382,train
10293983,dev
10260190,train
10006955,dev
10295694,train
10199946,dev
10199694,train
10259527,train
10234497,dev
10210040,train
10476518,train
10269261,train
10124467,train
10414584,dev
10102056,train
10331499,train
10864469,train
10237561,dev
10126867,dev
10353467,train
10066117,train
10162977,dev
10001003,train
10236007,train
10603627,train
10065105,dev
10559056,train
10251246,train
10329927,train
10255739,dev
10281327,train
10199941,train
10175144,train
10045489,train
10220979,train
10045523,train
10287344,dev
10367729,train
10290707,train
10467166,train
10209369,train
10846851,dev
10256634,train
10446384,train
10071791,train
10048796,train
10003940,train
10257794,train
10663276,train
10325100,train
10092940,train
10097908,train
10717789,train
10357807,train
10694829,dev
10053204,train
10418105,train
10061533,dev
10145817,dev
10493003,dev
10545278,train
10139983,train
10004256,train
10607173,train
10278593,train
10175623,train
10196871,train
10319092,dev
10048651,dev
10698586,train
10275926,train
10303850,train
10128186,train
10545097,train
10196590,dev
10392561,train
10350498,dev
10880605,dev
10235387,dev
10000832,train
10892263,train
10226784,train
10146044,train
10305142,train
10541621,train
10157198,train
10853856,train
10183380,train
10748993,train
10023928,train
10301961,dev
10657138,dev
10463060,train
10471336,train
10290023,dev
10161960,dev
10814568,dev
10041293,train
10274249,train
10275983,train
10282850,dev
10244236,train
10147545,train
10228887,train
10348228,dev
10057614,train
10818265,train
10206501,train
10007988,dev
10347296,train
10663648,dev
10339282,train
10321787,train
10323312,dev
10257472,train
10785119,train
10756418,train
10283054,train
10257462,train
10339280,train
10100645,train
10113823,train
10604062,train
10033619,train
10204611,train
10098658,train
10696523,train
10219689,train
10352898,train
10245307,train
10119634,train
10254767,train
10076483,dev
10337514,train
10119214,train
10156534,train
10219397,train
10221480,dev
10355284,train
10232266,train
10046677,train
10668558,dev
10229378,train
10230590,train
10241459,train
10050467,dev
10746932,dev
10234527,train
10271240,dev
10298833,dev
10319528,train
10415588,train
10203053,train
10395993,dev
10285477,train
10672013,train
10216849,dev
10063700,dev
10271723,train
10307074,train
10751673,train
10341779,train
10029209,train
10728820,train
10041214,train
10351610,dev
10257402,train
10796299,train
10642424,train
10391184,train
10074543,train
10189476,train
10729837,train
10310615,train
10268298,train
10531622,train
10089449,dev
10007957,train
10242609,train
10534376,train
10208054,dev
10074405,dev
10431043,train
10332406,train
10295503,train
10320588,train
10181962,train
10750296,train
10052408,train
10304422,train
10136635,dev
10232897,train
10241740,train
10100783,train
10252333,train
10032491,train
10620062,train
10306952,train
10547528,dev
10243054,train
10292059,train
10316256,dev
10697016,train
10733881,dev
10313851,train
10242590,train
10042832,dev
10182517,train
10587518,train
10336002,train
10170636,train
10344511,train
10267950,dev
10842269,train
10311930,train
10230033,train
10455012,train
10242043,train
10766421,train
10235034,train
10471721,dev
10164597,train
10041940,dev
10269642,dev
10131890,dev
10183634,train
10553689,train
10133497,dev
10251227,train
10107037,dev
10286786,dev
10312166,train
10055584,dev
10132504,train
10367738,train
10317573,train
10446538,dev
10278453,train
10286016,train
10281167,train
10279052,train
10041640,train
10158410,train
10174672,dev
10874215,train
10191398,train
10188731,train
10179565,dev
10177416,train
10169003,train
10005291,train
10358563,train
10078571,train
10307449,train
10244970,dev
10811609,train
10191229,dev
10003407,train
10524178,train
10232379,dev
10579421,train
10299631,dev
10244954,train
10257198,train
10551945,train
10009974,train
10689653,train
10127676,train
10648318,dev
10849488,train
10375100,dev
10219090,train
10705232,dev
10824149,train
10261841,train
10321348,train
10268297,dev
10076594,dev
10293777,train
10197015,train
10275432,train
10648059,train
10121796,train
10245749,train
10244046,train
10320927,train
10039283,train
10751884,train
10309738,train
10843507,train
10891677,train
10161229,train
10371730,train
10017000,train
10297637,train
10429448,dev
10035994,train
10125221,dev
10292042,train
10534184,train
10275186,train
10217192,dev
10162043,dev
10107270,train
10800667,train
10635799,train
10355967,train
10291187,train
10190825,train
10178885,dev
10728617,train
10292397,train
10732489,train
10194586,train
10467781,train
10116037,train
10145336,dev
10281301,train
10254891,dev
10391909,train
10268876,dev
10853857,dev
10309367,train
10254826,dev
10712947,train
10849200,train
10273695,dev
10140153,train
10045298,train
10619625,train
10362285,dev
10059293,dev
10705954,train
10844152,train
10170442,dev
10172720,train
10537083,dev
10818144,train
10127534,train
10877458,dev
10128630,train
10304360,train
10226227,train
10276868,train
10798231,train
10779387,train
10177267,train
10459097,train
10012472,dev
10206474,dev
10734395,train
10189414,train
10218010,train
10330302,train
10359658,dev
10124083,train
10331347,train
10707308,dev
10403196,train
10424463,dev
10567645,dev
10339454,dev
10871104,train
10092449,dev
10569463,train
10869808,dev
10417570,train
10339654,dev
10260069,train
10293005,train
10208705,dev
10328793,train
10650224,dev
10300802,dev
10847160,train
10420275,train
10156916,train
10113334,train
10339634,train
10048194,train
10145665,train
10265030,train
10855293,train
10837201,train
10157273,train
10260622,train
10167487,dev
10691361,dev
10647943,train
10136558,dev
10195026,train
10215791,train
10214315,train
10468095,train
10872629,train
10417646,train
10090643,train
10298230,dev
10302251,train
10363088,dev
10577539,train
10306008,train
10222042,dev
10318738,train
10091046,dev
10311000,train
10317912,train
10199597,train
10276774,dev
10346624,train
10052119,train
10069320,train
10362641,train
10179516,dev
10247482,dev
10172419,dev
10741924,train
10204965,train
10666036,dev
10188264,train
10096383,dev
10185796,train
10011119,train
10085369,dev
10602322,train
10465027,train
10140008,dev
10411703,dev
10318527,train
10280461,train
10141551,train
10071305,train
10172804,train
10207261,train
10313583,train
10799436,train
10251446,dev
10361775,train
10171923,train
10443769,dev
10120333,train
10707180,train
10195244,train
10301622,train
10123471,train
10335063,train
10868383,dev
10175834,train
10158716,dev
10357989,train
10172188,train
10648766,train
10306767,train
10743718,train
10269408,train
10128558,dev
10605805,train
10584591,train
10278121,train
10250292,train
10273052,train
10174441,dev
10153044,train
10020400,dev
10301258,train
10237819,train
10354398,train
10198268,train
10582738,train
10827480,dev
10338661,train
10689021,train
10164091,train
10293386,dev
10372947,train
10237725,train
10140810,train
10295511,dev
10302148,train
10034892,train
10275408,dev
10063003,train
10268878,dev
10179232,train
10283324,train
10357802,dev
10306526,train
10653868,train
10233825,dev
10167820,train
10320025,train
10676230,train
10248079,train
10473083,train
10380452,train
10519546,train
10464598,train
10006122,train
10832619,train
10236292,train
10356493,train
10109679,dev
10187625,dev
10216138,train
10260373,dev
10653927,dev
10277985,train
10876416,train
10312337,dev
10831811,train
10380863,train
10288561,train
10019304,train
10681257,train
10049427,train
10365794,dev
10264324,train
10321421,train
10752237,dev
10249601,train
10058171,train
10725885,train
10353892,train
10787762,train
10028789,train
10422108,dev
10513639,train
10487068,train
10856727,train
10329783,train
10255262,dev
10160194,train
10674781,train
10614093,train
10339356,train
10517882,train
10088537,train
10219161,train
10355102,dev
10834556,train
10292937,train
10305303,train
10272722,train
10732658,train
10724670,train
10632285,dev
10141488,dev
10646762,train
10664087,train
10277986,dev
10056821,train
10318486,dev
10216402,train
10255962,dev
10328090,train
10048814,train
10127215,dev
10577500,train
10353988,train
10608477,train
10365840,train
10762750,train
10194705,train
10249207,train
10478589,dev
10299195,train
10797057,train
10292842,dev
10278175,train
10498243,train
10768452,train
10032105,train
10256676,train
10782547,train
10412102,dev
10345399,train
10160237,train
10308981,train
10661323,train
10235711,train
10847829,train
10385768,train
10780006,dev
10222259,train
10342556,dev
10244153,train
10409898,dev
10750282,train
10420460,train
10638462,train
10172050,train
10284675,dev
10730842,train
10829474,train
10155259,train
10391052,dev
10312317,train
10156034,dev
10339599,train
10517527,train
10363610,dev
10202332,train
10195370,dev
10031120,train
10167725,train
10030437,train
10503107,dev
10303278,dev
10529510,train
10197432,train
10360946,train
10704590,train
10400405,dev
10499492,train
10238642,train
10732886,train
10331436,train
10622769,dev
10006302,train
10135092,train
10426919,dev
10108399,train
10369246,train
10776009,train
10292666,train
10329895,dev
10468217,train
10676371,dev
10464114,dev
10835766,train
10287433,train
10186051,train
10763584,train
10199179,train
10731192,dev
10282655,dev
10669734,train
10270802,train
10765972,train
10267989,train
10082364,train
10363547,dev
10359384,dev
10884693,dev
10249518,train
10475443,train
10178368,train
10096043,dev
10468864,dev
10459659,dev
10857849,train
10486074,train
10507276,dev
10371426,train
10460127,train
10153014,train
10509950,train
10754991,train
10807403,train
10077127,train
10214493,train
10589886,dev
10451341,train
10303719,train
10346976,train
10198898,dev
10414132,train
10273684,train
10798209,train
10833002,dev
10779997,train
10120657,dev
10381867,train
10625588,dev
10833655,dev
10363640,train
10579950,train
10779805,train
10477679,dev
10626527,train
10788046,dev
10699232,train
10349421,train
10302683,dev
10876540,train
10490091,train
10050428,train
10883669,train
10000795,dev
10068310,dev
10240855,dev
10557538,train
10431472,train
10860285,dev
10392272,train
10814383,train
10232726,train
10418299,dev
10420315,dev
10330824,train
10882298,dev
10660534,train
10610322,dev
10290395,train
10486242,dev
10406217,train
10635297,dev
10324502,train
10505282,train
10337906,train
10283067,train
10400173,dev
10417109,train
10297902,train
10264745,train
10890833,dev
10377345,train
10317204,train
10543820,train
10244389,dev
10871793,dev
10300021,dev
10284490,dev
10206246,train
10659024,dev
10870116,train
10029195,train
10322337,train
10322152,train
10287689,train
10309378,train
10253829,train
10691234,train
10286741,train
10824636,train
10417193,dev
10189999,train
10136730,train
10319113,dev
10857260,train
10367480,dev
10545397,dev
10810863,train
10178406,train
10184257,train
10565478,train
10079995,train
10608284,train
10380240,train
10503887,train
10060156,dev
10886104,train
10061893,train
10256076,train
10456365,train
10536112,dev
10742282,train
10492759,dev
10563598,train
10653720,train
10828325,train
10555561,dev
10845905,train
10154080,dev
10333456,dev
10604108,dev
10513588,dev
10501977,train
10614239,train
10405223,train
10302105,dev
10034263,train
10236074,train
10819291,dev
10505294,train
10553129,dev
10358049,train
10132419,train
10657580,train
10276840,train
10188393,train
10185054,train
10193361,train
10098313,train
10427732,train
10179300,train
10080147,train
10629922,train
10305368,dev
10612645,train
10797100,train
10366686,train
10613905,dev
10292021,train
10560628,train
10399059,dev
10200568,train
10508047,train
10487732,dev
10789185,train
10239478,train
10530082,train
10264122,train
10794066,train
10668635,train
10327767,train
10868116,train
10087269,train
10864960,train
10804156,dev
10386230,train
10412497,train
10144896,train
10846852,train
10115801,train
10887397,train
10334664,train
10099714,train
10294841,train
10159362,dev
10063129,train
10405518,train
10097166,train
10020783,train
10890084,train
10344933,train
10031194,train
10588704,train
10600006,train
10672500,train
10878634,train
10235223,train
10035517,dev
10201439,train
10228775,train
10286488,train
10523058,dev
10606224,train
10234277,train
10300281,dev
10164567,dev
10724117,train
10499378,dev
10817978,train
10490494,train
10716470,train
10486395,dev
10752321,train
10301916,train
10141583,train
10556694,dev
10386534,train
10057686,train
10309741,train
10177287,train
10622057,dev
10537819,train
10321897,train
10515756,train
10230154,train
10295434,train
10310316,train
10248671,train
10880785,train
10105795,dev
10279899,train
10392217,train
10282521,dev
10200807,train
10233651,train
10136483,train
10212519,train
10006126,train
10344779,train
10374599,train
10660764,train
10374681,train
10643794,train
10636191,train
10826170,dev
10807836,train
10419331,train
10273384,train
10770280,dev
10164367,train
10253776,train
10406880,train
10177047,train
10332638,train
10195534,dev
10778405,train
10221443,train
10833042,train
10128165,train
10297990,dev
10173786,train
10143775,train
10128478,train
10209029,dev
10289180,train
10343798,dev
10314228,dev
10292738,train
10411436,dev
10604078,train
10337523,dev
10122150,dev
10456268,train
10862906,train
10029278,train
10311103,dev
10394755,train
10247510,train
10214607,train
10360106,dev
10500289,train
10318489,dev
10296278,train
10716244,train
10681242,train
10193231,train
10222314,train
10784852,dev
10420522,train
10461739,train
10249703,train
10577209,train
10397252,dev
10048266,dev
10313494,train
10301154,dev
10705480,train
10864310,train
10389592,train
10336566,train
10176929,dev
10358398,train
10496430,train
10347222,train
10860739,train
10324772,train
10407876,train
10520086,train
10412092,train
10272764,train
10351795,dev
10089696,train
10264864,train
10217405,train
10877189,dev
10567953,train
10711136,train
10284041,dev
10189195,dev
10306005,train
10713636,train
10051482,dev
10516601,dev
10330537,train
10697723,dev
10259807,train
10318288,dev
10288742,dev
10362236,train
10371900,dev
10847352,dev
10237896,train
10274232,train
10889172,train
10511143,train
10154935,train
10454394,train
10233153,train
10352012,train
10303444,train
10418819,dev
10645932,dev
10339479,train
10532382,train
10385479,dev
10482625,train
10587056,train
10295754,train
10506526,train
10310140,train
10345239,train
10035394,train
10273010,train
10226490,dev
10675199,train
10854905,train
10225695,train
10338005,train
10403340,dev
10145775,dev
10193173,train
10368022,train
10206772,train
10315619,train
10815301,train
10204220,dev
10296832,dev
10227391,dev
10041171,dev
10011151,train
10300659,dev
10267288,dev
10275944,train
10154923,train
10361162,train
10289241,dev
10356464,dev
10375207,train
10619431,train
10261749,train
10166914,train
10818943,train
10214422,train
10738298,train
10146537,train
10625600,dev
10338146,train
10313994,train
10514711,train
10198915,train
10113847,train
10546564,train
10265205,train
10307534,train
10374949,train
10340856,train
10221867,dev
10139412,train
10476950,train
10546134,train
10538431,train
10395981,dev
10261107,train
10601362,dev
10062349,dev
10557029,train
10118721,train
10458466,train
10125936,train
10524489,train
10547022,train
10221419,train
10229542,train
10417528,dev
10212525,dev
10397163,dev
10062185,train
10717866,dev
10058270,train
10746036,train
10380818,train
10542584,train
10301085,dev
10705083,dev
10739381,train
10430849,dev
10837819,train
10128435,dev
10242949,dev
10356092,train
10246949,train
10346004,dev
10214737,train
10679031,train
10325965,train
10344391,train
10603433,train
10267841,dev
10303481,train
10545315,train
10125326,train
10414141,train
10103294,train
10787877,train
10232463,train
10058620,train
10629721,train
10637300,train
10342849,train
10033884,train
10285970,dev
10255978,train
10545666,train
10169694,dev
10353560,dev
10808888,train
10618564,train
10261715,train
10829071,train
10599218,train
10572160,train
10320562,train
10275000,train
10255722,train
10529007,train
10508637,train
10328017,train
10883753,dev
10236687,dev
10829220,train
10827931,train
10136563,train
10115288,train
10387981,train
10835023,train
10275234,train
10490970,train
10491362,train
10615556,dev
10676411,train
10868522,train
10486111,train
10283163,train
10660661,train
10174662,train
10347220,train
10192912,train
10581036,train
10563580,train
10302573,train
10090810,train
10239317,train
10405628,train
10006119,train
10320901,train
10336533,dev
10520085,train
10176607,train
10298477,train
10740921,dev
10687988,train
10536771,train
10572902,train
10018726,train
10351009,dev
10358513,train
10872658,dev
10036266,dev
10337217,train
10178953,train
10489811,train
10079320,dev
10841799,dev
10430821,train
10365834,train
10621039,train
10489540,train
10661245,train
10830694,dev
10354430,train
10057121,dev
10662168,train
10263930,train
10436076,train
10752879,train
10809589,train
10372140,train
10714068,dev
10217472,dev
10229746,train
10320459,train
10195833,dev
10764472,train
10777965,train
10231105,train
10505868,train
10878347,train
10317133,dev
10654358,train
10491432,train
10494746,dev
10242275,train
10811105,dev
10474939,train
10736005,train
10284808,train
10301798,train
10794137,dev
10252189,train
10265126,train
10764206,train
10852113,train
10410545,train
10178805,dev
10521579,train
10159219,train
10177379,dev
10280174,train
10286340,train
10308975,train
10181735,dev
10664525,train
10120246,train
10296541,train
10505974,train
10026146,dev
10515542,train
10494297,train
10668915,dev
10654815,train
10369459,train
10576456,dev
10618477,train
10081345,train
10232264,dev
10166644,dev
10506585,train
10305632,dev
10800757,train
10312022,dev
10505817,train
10308751,train
10602664,train
10133050,train
10340629,train
10238333,dev
10762356,train
10065474,train
10539573,train
10209754,train
10316883,dev
10127790,train
10176182,dev
10121756,train
10294698,train
10322629,train
10615375,train
10430799,train
10160595,train
10518876,train
10090822,train
10610578,dev
10208858,train
10625547,train
10288565,train
10783957,train
10298162,train
10164817,train
10198796,dev
10702003,train
10094613,dev
10003504,dev
10531041,train
10190285,train
10813907,train
10653120,train
10237754,train
10254914,train
10659730,train
10800700,train
10260671,train
10215087,train
10413794,train
10486712,train
10697634,train
10249342,train
10855595,train
10427477,train
10874010,train
10141651,train
10416181,dev
10148847,train
10060352,dev
10351090,dev
10069725,train
10208233,train
10380416,train
10325107,train
10310529,train
10306635,train
10385165,train
10342793,train
10431261,train
10356822,dev
10476089,train
10049029,train
10737282,train
10008975,train
10084015,train
10354247,train
10513240,dev
10034734,train
10205178,dev
10429834,train
10677420,dev
10889917,train
10160778,dev
10024435,train
10674677,dev
10201960,train
10609331,train
10503820,dev
10854835,train
10047820,train
10199161,train
10289252,dev
10851904,train
10838366,train
10347724,dev
10333194,train
10659990,dev
10743473,train
10476891,train
10199954,train
10850914,dev
10608110,train
10271680,train
10098865,dev
10235479,train
10332823,train
10489096,train
10845383,train
10540601,train
10011081,train
10115809,test
10729578,test
10603375,test
10608429,test
10372549,test
10267016,test
10122235,test
10193244,test
10140791,test
10163406,test
10248751,test
10486526,test
10346047,test
10175066,test
10049529,test
10754275,test
10112308,test
10298131,test
10151741,test
10311751,test
10563745,test
10258108,test
10028315,test
10246370,test
10307667,test
10165305,test
10488713,test
10264141,test
10395084,test
10331181,test
10070589,test
10268375,test
10073358,test
10424767,test
10464066,test
10840443,test
10411906,test
10642483,test
10787421,test
10280623,test
10290764,test
10311745,test
10137923,test
10258207,test
10138903,test
10209025,test
10032827,test
10365842,test
10772095,test
10297723,test
10035922,test
10048311,test
10349422,test
10890160,test
10431177,test
10684080,test
10155943,test
10266492,test
10042235,test
10810089,test
10275183,test
10433592,test
10299275,test
10206718,test
10708561,test
10329555,test
10259579,test
10651497,test
10240897,test
10096931,test
10299491,test
10198861,test
10356623,test
10364270,test
10216174,test
10043704,test
10886878,test
10215045,test
10824397,test
10279536,test
10479239,test
10678228,test
10112233,test
10462427,test
10702545,test
10228448,test
10240507,test
10474698,test
10819429,test
10295273,test
10305098,test
10466748,test
10375956,test
10711293,test
10342011,test
10267630,test
10081187,test
10345523,test
10387023,test
10847204,test
10004115,test
10118153,test
10033729,test
10171899,test
10116672,test
10049143,test
10170874,test
10188926,test
10242600,test
10315712,test
10689699,test
10174602,test
10024025,test
10300079,test
10210158,test
10132692,test
10348756,test
10072190,test
10271206,test
10103346,test
10198434,test
10318379,test
10148821,test
10297019,test
10854229,test
10222983,test
10703642,test
10065223,test
10272596,test
10321304,test
10219395,test
10292473,test
10398436,test
10148432,test
10419241,test
10191761,test
10214226,test
10279923,test
10352551,test
10128565,test
10100659,test
10665419,test
10042927,test
10070641,test
10659670,test
10283277,test
10633521,test
10328586,test
10457195,test
10416565,test
10317985,test
10293734,test
10333432,test
10717549,test
10165149,test
10456217,test
10145201,test
10214049,test
10230398,test
10300649,test
10266813,test
10202875,test
10851766,test
10286055,test
10296931,test
10778721,test
10318691,test
10027169,test
10134898,test
10336070,test
10336204,test
10259643,test
10355048,test
10882444,test
10236913,test
10163223,test
10386213,test
10184970,test
10751314,test
10023161,test
10019833,test
10235744,test
10413267,test
10319193,test
10260506,test
10305286,test
10185063,test
10767415,test
10841491,test
10261672,test
10337417,test
10246651,test
10468586,test
10811952,test
10182674,test
10349221,test
10240019,test
10150763,test
10488268,test
10469303,test
10332456,test
10104022,test
10231641,test
10733222,test
10247675,test
10580298,test
10055575,test
10036695,test
10131557,test
10690905,test
10692346,test
10275725,test
10289145,test
10273089,test
10285550,test
10156677,test
10023958,test
10297249,test
10562545,test
10217706,test
10616871,test
10116945,test
10301927,test
10509497,test
10158184,test
10818189,test
10715837,test
10050725,test
10295408,test
10023144,test
10306251,test
10311752,test
10791831,test
10448091,test
10741121,test
10335101,test
10179615,test
10738438,test
10286547,test
10633229,test
10120689,test
10121767,test
10286156,test
10145590,test
10109461,test
10361330,test
10267576,test
10134031,test
10350473,test
10190180,test
10027711,test
10328334,test
10332933,test
10215298,test
10178524,test
10326101,test
10279380,test
10303546,test
10333151,test
10250766,test
10271527,test
10264219,test
10270922,test
10489208,test
10243207,test
10250045,test
10664317,test
10261150,test
10059278,test
10238733,test
10273975,test
10734728,test
10189787,test
10791974,test
10305541,test
10202894,test
10204313,test
10306241,test
10263119,test
10093609,test
10865824,test
10048087,test
10264556,test
10269480,test
10316304,test
10184294,test
10003735,test
10337309,test
10352594,test
10831387,test
10157100,test
10713643,test
10103930,test
10198557,test
10469477,test
10291386,test
10345784,test
10230094,test
10333333,test
10165591,test
10162960,test
10261332,test
10373895,test
10101176,test
10406594,test
10236622,test
10330793,test
10828633,test
10128151,test
10461991,test
10221293,test
10347732,test
10831293,test
10352642,test
10360126,test
10330685,test
10296551,test
10643441,test
10007030,test
10045220,test
10308048,test
10299881,test
10656806,test
10079035,test
10241914,test
10281547,test
10020232,test
10244318,test
10359717,test
10400522,test
10292931,test
10479942,test
10080668,test
10355873,test
10231244,test
10291034,test
10191272,test
10358802,test
10380939,test
10264502,test
10019694,test
10100121,test
10123268,test
10332602,test
10311921,test
10339855,test
10592510,test
10298117,test
10058329,test
10343734,test
10085071,test
10168663,test
10004156,test
10208382,test
10318592,test
10043643,test
10035761,test
10273856,test
10303716,test
10411864,test
10133506,test
10042650,test
10368724,test
10406885,test
10274372,test
10358771,test
10191220,test
10363497,test
10172348,test
10234224,test
10137974,test
10289915,test
10263029,test
10321571,test
10235758,test
10582828,test
10247695,test
10278610,test
10297732,test
10246331,test
10425421,test
10292033,test
10113063,test
10783584,test
10360298,test
10122381,test
10192483,test
10121865,test
10192306,test
10278785,test
10326616,test
10078738,test
10343611,test
10264736,test
10134552,test
10361933,test
10382185,test
10041426,test
10312349,test
10859716,test
10143757,test
10758583,test
10117211,test
10750992,test
10224619,test
10825034,test
10545171,test
10806712,test
10814478,test
10325760,test
10389722,test
10777257,test
10360343,test
10822228,test
10310449,test
10750771,test
10544700,test
10318707,test
10451034,test
10358080,test
10796110,test
10084795,test
10618309,test
10563546,test
10412489,test
10356747,test
10117123,test
10339795,test
10793607,test
10669788,test
10308268,test
10545851,test
10256123,test
10500107,test
10272994,test
10514943,test
10231666,test
10521790,test
10280794,test
10333217,test
10231546,test
10029614,test
10472095,test
10415425,test
10172528,test
10219552,test
10527216,test
10046681,test
10149291,test
10824755,test
10771643,test
10802470,test
10055722,test
10311936,test
10322643,test
10214625,test
10473536,test
10116027,test
10095901,test
10282632,test
10263249,test
10283870,test
10629653,test
10329156,test
10890935,test
10112815,test
10272102,test
10283263,test
10294898,test
10271880,test
10241360,test
10882979,test
10279639,test
10140673,test
10334253,test
10634741,test
10379595,test
10752146,test
10834393,test
10394518,test
10729464,test
10082190,test
10498749,test
10200972,test
10504771,test
10584027,test
10355549,test
10546727,test
10719692,test
10200774,test
10584886,test
10685369,test
10853668,test
10438573,test
10340306,test
10322531,test
10824602,test
10034084,test
10337652,test
10138908,test
10733909,test
10576269,test
10773507,test
10110537,test
10882816,test
10231619,test
10762294,test
10487031,test
10366391,test
10305537,test
10284692,test
10302733,test
10269674,test
10787176,test
10626184,test
10054415,test
10348652,test
10682460,test
10522388,test
10585844,test
10580884,test
10295369,test
10290401,test
10234072,test
10540517,test
10084569,test
10504359,test
10250549,test
10491248,test
10298752,test
10177232,test
10329009,test
10319194,test
10219687,test
10603035,test
10298532,test
10217756,test
10337900,test
10432322,test
10649672,test
10637556,test
10301705,test
10500954,test
10344000,test
10337389,test
10789899,test
10369765,test
10358490,test
10893242,test
10875531,test
10214689,test
10564164,test
10627559,test
10660775,test
10610483,test
10116967,test
10628220,test
10544627,test
10534713,test
10300977,test
10533124,test
10451747,test
10214609,test
10194429,test
10679976,test
10737668,test
10524076,test
10355804,test
10019613,test
10273736,test
10756537,test
10268144,test
10342040,test
10381219,test
10244294,test
10524642,test
10166179,test
10868576,test
10396012,test
10617263,test
10039761,test
10235495,test
10235834,test
10371897,test
10069794,test
10449900,test
10111477,test
10325924,test
10814319,test
10589377,test
10591730,test
10320473,test
10862176,test
10231596,test
10808721,test
10595823,test
10841862,test
10359425,test
10076179,test
10321477,test
10127189,test
10334363,test
10647572,test
10621320,test
10511098,test
10541090,test
10329128,test
10076396,test
10841097,test
10679915,test
10256397,test
10870274,test
